cohort,n_samples,wj_shifted,binary_jaccard_top5,dissociation_gap
control,44,0.9142449598181125,0.48977695167286245,0.42446800814525004
pd,29,0.8611897103614303,0.325638911788953,0.5355507985724773
