{
  "pipeline_file": "pipeline_5_formal_layer2h.py",
  "execution_date": "2026-04-29",
  "wj_compliance_status": "PASS (Layer 2H formal computation)",
  "substrate": "GSE68719 BA9 prefrontal cortex RNA-seq (DESeq2-normalized)",
  "n_control": 44,
  "n_pd": 29,
  "n_genes_analyzed": 16010,
  "type1_findings": {
    "wj_shifted": 0.9142449598181125,
    "wj_unsigned": 0.7851006147398379,
    "wj_signed": 0.7759131971361904,
    "binary_jaccard_top5": 0.48977695167286245,
    "type1_gap_shifted": 0.42446800814525004,
    "permutation_p": 0.015,
    "z_score_vs_null": -2.569085494977976,
    "bootstrap_ci_lower": 0.32523293044179563,
    "bootstrap_ci_upper": 0.6485233471468185
  },
  "type2_findings": {
    "max_sign_treatment_gap": 0.13833176268192204,
    "sign_inversion_dominant": true
  },
  "type6_findings": {
    "pearson_wj_shifted": 0.9098390649750628,
    "spearman_pearson_gap": 0.004405894843049651,
    "linear_monotonic_consistent": true
  },
  "disease_comparison": [
    {
      "cohort": "control",
      "n_samples": 44,
      "wj_shifted": 0.9142449598181125,
      "binary_jaccard_top5": 0.48977695167286245,
      "dissociation_gap": 0.42446800814525004
    },
    {
      "cohort": "pd",
      "n_samples": 29,
      "wj_shifted": 0.8611897103614303,
      "binary_jaccard_top5": 0.325638911788953,
      "dissociation_gap": 0.5355507985724773
    }
  ],
  "config": {
    "random_seed": 42,
    "n_permutations": 200,
    "n_bootstrap": 500,
    "top_pct_threshold": 5,
    "min_expression_filter": 5
  }
}