comparison,mean_r,sd,n_pairs
I×I,0.78549993,0.12744248,210
R×R,0.75909185,0.10720946,56
E×E,0.9294248,0.032064147,110
I×R,0.7715876,0.120768026,120
I×E,0.8285886,0.11974565,165
R×E,0.8088266,0.08349867,88
Random,0.47425878,0.29245245,2000
